{
  "project_info": {
    "project_number": "405690617271",
    "project_id": "ecommerceapp-95786",
    "storage_bucket": "ecommerceapp-95786.appspot.com"
  },
  "client": [
    {
      "client_info": {
        "mobilesdk_app_id": "1:405690617271:android:fa2e24cd47c723b411ac32",
        "android_client_info": {
          "package_name": "com.example.ecommerce_app"
        }
      },
      "oauth_client": [],
      "api_key": [
        {
          "current_key": "AIzaSyBgsmqONzxebO4lIEqcrEfzFqr4GDJ7xaM"
        }
      ],
      "services": {
        "appinvite_service": {
          "other_platform_oauth_client": []
        }
      }
    }
  ],
  "configuration_version": "1"
}